sentence	chars	lm-gpt2	lm-gpt2-div-chars	lm-gpt2-div-words	lm-gpt2-large	lm-gpt2-large-div-chars	lm-gpt2-large-div-words	lm-gpt2-medium	lm-gpt2-medium-div-chars	lm-gpt2-medium-div-words	words
"Usually Nell would just go back to her little cottage during these times, but sometimes, especially if the moon was full, she would wander around in the garden."	160.0	-131.89218139648438	-0.8243261337280273	-4.710435049874442	-109.99067687988281	-0.6874417304992676	-3.9282384599958147	-115.4420394897461	-0.721512746810913	-4.122929981776646	28.0
"And of course, many more traditional activities were going on, such as douching, makeup removal, moisturizing, and the like."	124.0	-99.35558319091797	-0.8012547031525643	-5.22924122057463	-96.50904083251953	-0.7782987163912866	-5.079423201711554	-96.66506958007812	-0.7795570127425655	-5.087635241056743	19.0
"“Cool!” the prisoner suddenly exclaimed, swiveling his head around in a spray of dreadlocks, trying as best he could to look down and back over his freckled shoulder."	166.0	-179.36734008789062	-1.0805261451077748	-6.405976431710379	-182.34136962890625	-1.0984419857163028	-6.5121917724609375	-164.72926330566406	-0.9923449596726751	-5.883187975202288	28.0
"There were also some samples of calligraphy dangling here and there, probably snatches of poetry."	97.0	-95.2308349609375	-0.9817611851643041	-6.348722330729166	-87.04537200927734	-0.8973749691678077	-5.8030248006184895	-90.63967895507812	-0.9344296799492591	-6.042645263671875	15.0
"The Diamond Palace of Source Victoria glittered peach and amber as it caught the sunrise, which was still hidden behind the mountain."	133.0	-137.3090362548828	-1.0323987688337053	-6.2413198297674	-134.4308319091797	-1.0107581346554864	-6.110492359508168	-133.82260131835938	-1.0061849723184915	-6.082845514470881	22.0
"Precisely."	10.0	-21.864704132080078	-2.1864704132080077	-21.864704132080078	-19.616226196289062	-1.9616226196289062	-19.616226196289062	-19.488216400146484	-1.9488216400146485	-19.488216400146484	1.0
"“Maggie,” the woman said."	25.0	-73.16950225830078	-2.926780090332031	-18.292375564575195	-74.7895736694336	-2.991582946777344	-18.6973934173584	-65.49275207519531	-2.6197100830078126	-16.373188018798828	4.0
"But before they could even make themselves comfortable, a hissing hyena with red eyes and dripping fangs came and chased them all away."	135.0	-106.86003112792969	-0.7915557861328125	-4.646088309909986	-103.86859893798828	-0.7693970291702835	-4.5160260407821	-105.49479675292969	-0.7814429389105902	-4.586730293605639	23.0
"The next morning I excused myself from Dojo’s cave and went back down to the beach, where the other three dinosaurs had already gathered, looking much the worse for wear as you can imagine."	189.0	-177.8976593017578	-0.9412574566230572	-5.232284097110524	-157.56642150878906	-0.8336847698877728	-4.6343065149643845	-166.07435607910156	-0.8787002967148231	-4.884539884679458	34.0
"The ship sank, but the basket containing the two babies bobbed like a cork on the ocean until the mermaids came and found them."	127.0	-122.82682037353516	-0.9671403179018516	-5.117784182230632	-101.39339447021484	-0.7983731848048413	-4.224724769592285	-113.23726654052734	-0.8916320200041523	-4.71821943918864	24.0
"When Fiona’s mother came by in a little half-lane car to pick her up, and saw her daughter’s red and ruinous face, an expression of black rage came over her own visage and she drove Fiona away without so much as a glance at Nell."	229.0	-253.22000122070312	-1.1057641974703194	-5.627111138237847	-227.01055908203125	-0.9913124850743723	-5.0446790907118055	-236.5926971435547	-1.0331558827229463	-5.257615492078993	45.0
"He was bent over using a trowel to extract a steaming turd from the emerald grass."	82.0	-91.79268646240234	-1.119423005639053	-5.7370429039001465	-86.9951171875	-1.0609160632621952	-5.43719482421875	-85.4539794921875	-1.0421217011242379	-5.340873718261719	16.0
"Next I was put into the care of the King of the Birds."	54.0	-63.425994873046875	-1.1745554606119792	-4.8789226825420675	-58.42388916015625	-1.0819238733362269	-4.494145320012019	-59.7088623046875	-1.1057196723090277	-4.592989408052885	13.0
"It was said that the Doctor frequently took tea in the morning at an old teahouse there, and so it was that one morning Judge Fang happened to drop in on the place."	164.0	-156.57952880859375	-0.9547532244426448	-4.7448342063210225	-148.60443115234375	-0.906124580197218	-4.503164580374053	-143.24005126953125	-0.8734149467654344	-4.34060761422822	33.0
"A formal apology was not long in coming, and she did not hear again from the young man."	87.0	-74.4374008178711	-0.8556023082513918	-4.135411156548394	-70.80912780761719	-0.8138980207772091	-3.9338404337565103	-75.16831970214844	-0.8640036747373384	-4.176017761230469	18.0
"A magic book."	13.0	-26.97161102294922	-2.074739309457632	-8.99053700764974	-29.197622299194336	-2.245970946091872	-9.732540766398111	-28.33416748046875	-2.1795513446514425	-9.444722493489584	3.0
"So elaborate waiting-room etiquette had flourished, and sophisticated people all over the world understood that when they called upon someone, even a close friend, they could expect to spend some time sipping tea and perusing magazines in a front room infested with unobtrusive surveillance equipment."	301.0	-235.73377990722656	-0.7831687040107195	-5.238528442382813	-213.4624481201172	-0.7091775685053727	-4.743609958224827	-217.0664825439453	-0.7211511047971605	-4.823699612087673	45.0
"This was not highly unusual, in and of itself; chevalines were smart enough to be sent out in search of specific persons."	121.0	-121.96768188476562	-1.0079973709484762	-5.543985540216619	-118.12831115722656	-0.9762670343572443	-5.369468688964844	-122.56974029541016	-1.0129730602926459	-5.571351831609553	22.0
"Who’s Burt?"	11.0	-56.45517349243164	-5.132288499311968	-28.22758674621582	-51.66630172729492	-4.696936520663175	-25.83315086364746	-57.3339729309082	-5.212179357355291	-28.6669864654541	2.0
"He imagined an antelope racing for its life across a dusty savannah, and behind it, a streaking blur."	101.0	-111.91140747070312	-1.1080337373336944	-6.2173004150390625	-96.76589965820312	-0.9580782144376547	-5.375883314344618	-101.99624633789062	-1.00986382512763	-5.6664581298828125	18.0
"“She’d get so nuts, guys on the men’s team would wrestle her down and carry her back to her room,” Jessie Polini, her best friend at UNC, said."	143.0	-233.14332580566406	-1.6303729077319165	-8.326547350202288	-210.78155517578125	-1.4739968893411277	-7.527912684849331	-220.0060272216797	-1.538503686864893	-7.857358115059989	28.0
"As Ann was cresting the mountain, Juan was taking a seat on a rock and examining what was left of the strap."	108.0	-116.25773620605469	-1.0764605204264324	-5.284442554820668	-106.13880157470703	-0.9827666812472873	-4.824490980668501	-112.57081604003906	-1.0423223707411025	-5.11685527454723	22.0
"Vegetables, grains, and legumes contain all the amino acids necessary to build muscle from scratch."	99.0	-65.90612030029297	-0.6657183868716462	-4.393741353352865	-53.683067321777344	-0.5422532052704783	-3.578871154785156	-61.28468704223633	-0.619037242850872	-4.085645802815756	15.0
"Dr. Bramble then focused on a little-known tendon behind the head known as the nuchal ligament."	95.0	-103.60283660888672	-1.0905561748303865	-6.47517728805542	-88.85215759277344	-0.9352858693976152	-5.55325984954834	-89.19503784179688	-0.9388951351768092	-5.574689865112305	16.0
"And you keep doing things you’re not supposed to."	49.0	-71.60980987548828	-1.4614246913364954	-7.9566455417209205	-63.77806854248047	-1.301593235560826	-7.086452060275608	-66.7174072265625	-1.3615797393176021	-7.413045247395833	9.0
"“Wait,” I said, starting to understand."	39.0	-82.34524536132812	-2.1114165477263622	-13.724207560221354	-84.76425170898438	-2.1734423515124197	-14.127375284830729	-72.26835632324219	-1.8530347775190303	-12.044726053873697	6.0
"I’d met Eric the year before, right after I’d thrown off my running shoes in disgust and sprawled in an icy creek."	114.0	-142.523193359375	-1.2502034505208333	-6.478326970880682	-140.58255004882812	-1.2331802635862117	-6.390115911310369	-148.35684204101562	-1.30137580737733	-6.743492820046165	22.0
"“The last thing I want to do is disqualify a runner,” the race director said, “but Rick left us no choice.”"	107.0	-141.3609161376953	-1.3211300573616385	-6.73147219703311	-136.4586944580078	-1.2753149014767085	-6.498033069428944	-128.69989013671875	-1.2028027115581192	-6.128566196986607	21.0
"He had to be joking."	20.0	-29.383502960205078	-1.469175148010254	-5.876700592041016	-26.957868576049805	-1.3478934288024902	-5.391573715209961	-27.297931671142578	-1.364896583557129	-5.459586334228516	5.0
"“Looks good,” he called."	24.0	-74.7579574584961	-3.114914894104004	-18.689489364624023	-73.12345886230469	-3.046810785929362	-18.280864715576172	-61.88394546508789	-2.5784977277119956	-15.470986366271973	4.0
"Even your breakfast burrito plays a role; Lieberman’s investigations had revealed that as our diet shifted over the centuries from chewy stuff like raw roots and wild game and gave way to mushy cooked staples like spaghetti and ground beef, our faces began to shrink."	267.0	-264.5184020996094	-0.9907056258412336	-5.878186713324653	-249.28746032714844	-0.9336609001016796	-5.539721340603299	-253.7452392578125	-0.9503567013401217	-5.638783094618056	45.0
"The odds against his race coming off were roughly—actually, there were no odds."	79.0	-86.55767822265625	-1.0956668129450158	-6.658282940204327	-84.30455780029297	-1.0671463012695312	-6.48496598463792	-92.68608093261719	-1.1732415307926227	-7.129698533278245	13.0
"But Manuel Luna had spent a year reflecting on gringo-style racing, and he’d done a nice job of briefing his new teammates."	123.0	-160.09616088867188	-1.3015948039729421	-7.277098222212358	-158.85208129882812	-1.2914803357628304	-7.220549149946733	-161.8979034423828	-1.3162431174177465	-7.3589956110174	22.0
"The big, fat flaw in Rick Fisher’s plan was the fact that the Leadville race happens to be held in Leadville."	109.0	-138.2386932373047	-1.2682448920853642	-6.582794916062128	-133.63018798828125	-1.2259650274154243	-6.36334228515625	-132.65533447265625	-1.2170214171803326	-6.316920689174107	21.0
"That’s big bucks for sneaks you’ll have to toss in the garbage in ninety days, but at least you’ll never limp again."	116.0	-170.63409423828125	-1.470983571019666	-7.7560951926491475	-144.9109649658203	-1.2492324566018993	-6.586862043900923	-162.9783477783203	-1.404985756709658	-7.408106717196378	22.0
"We fitted into single file and shuffled into an easy jog."	57.0	-73.70417785644531	-1.2930557518674617	-6.700379805131392	-75.61845397949219	-1.326639543499863	-6.8744049072265625	-72.99253845214844	-1.2805708500376918	-6.635685313831676	11.0
"It didn’t, yet the doctrine of motivation and “one last push” continued for three months, despite appalling losses."	115.0	-174.02481079101562	-1.5132592242697012	-9.668045043945312	-177.9048614501953	-1.5469987952190898	-9.88360341389974	-174.4718475341797	-1.5171465002972147	-9.692880418565538	18.0
"The business grew, paying his way through law school at UCLA."	61.0	-66.19625854492188	-1.0851845663101947	-6.017841685901988	-62.524322509765625	-1.0249888936027152	-5.6840293190696025	-61.2628288269043	-1.004308669293513	-5.569348075173118	11.0
"But, another force, entropy, is also at work."	45.0	-57.57177734375	-1.2793728298611111	-7.19647216796875	-52.99958419799805	-1.1777685377332898	-6.624948024749756	-52.485137939453125	-1.1663363986545139	-6.560642242431641	8.0
"A scientist tests a belief by experiment or by the analysis of real-world data."	79.0	-79.4415283203125	-1.0055889660799051	-5.674394880022321	-79.53744506835938	-1.0068031021311312	-5.681246076311384	-85.08200073242188	-1.0769873510433148	-6.0772857666015625	14.0
"Thinking about her store, Stephanie diagnosed her challenge to be competition with the local supermarket."	105.0	-102.37007904052734	-0.974953133719308	-6.824671936035156	-95.8889389038086	-0.9132279895600819	-6.392595926920573	-95.551025390625	-0.910009765625	-6.370068359375	15.0
"In his own mind, he believed in courage, boldness, motivation, and push."	72.0	-74.46900939941406	-1.0342917972140842	-6.205750783284505	-75.6918716430664	-1.051275995042589	-6.307655970255534	-75.90616607666016	-1.05425230662028	-6.32551383972168	12.0
"The logic of the chain is at work in situations ranging from mountain climbing to the space shuttle to aesthetic judgment—situations in which the quality of components or subparts matters."	188.0	-168.0795440673828	-0.8940401280179937	-5.60265146891276	-149.88986206054688	-0.7972865003220578	-4.996328735351563	-155.88491821289062	-0.8291750968770778	-5.196163940429687	30.0
"As a start-up, this had been the company’s only activity and the team was justly proud of their accomplishment."	111.0	-123.84773254394531	-1.1157453382337414	-6.518301712839227	-117.68026733398438	-1.0601825885944538	-6.19369828073602	-119.04130554199219	-1.0724441940720018	-6.265331870631168	19.0
"Braniff International had also reacted to the new era by adding new long-haul routes."	85.0	-95.37986755371094	-1.1221160888671875	-6.8128476824079245	-87.28164672851562	-1.0268429026884192	-6.234403337751116	-94.67261505126953	-1.1137954711914062	-6.762329646519253	14.0
"More precisely, a star’s speed in its swing about the core should be proportional to the inverse square root of its distance from the center."	141.0	-128.587158203125	-0.9119656610150709	-5.143486328125	-118.65409088134766	-0.8415183750450188	-4.7461636352539065	-116.13056182861328	-0.82362100587669	-4.645222473144531	25.0
"Learning from others can be more than simply listening to them, watching them, or reading what they write."	106.0	-72.6511459350586	-0.685388169198666	-4.036174774169922	-63.3785285949707	-0.5979106471223651	-3.5210293663872614	-68.21619415283203	-0.6435490014418116	-3.789788564046224	18.0
"One example of good strategy in which you can see the coordinated elements of design is the U.S. heavy-truck business."	118.0	-120.11769104003906	-1.0179465342376193	-6.0058845520019535	-109.52458190917969	-0.9281744229591499	-5.476229095458985	-113.2278060913086	-0.9595576787399034	-5.66139030456543	20.0
"Just as an individual cannot solve five problems at once, most organizations concentrate on a few critical issues at any one time."	130.0	-95.12460327148438	-0.7317277174729567	-4.32384560324929	-89.56669616699219	-0.6889745858999399	-4.071213462136009	-90.1377182006836	-0.6933670630821815	-4.0971690091219815	22.0
"By 1890, this stream of religious philosophy had morphed into a set of mystical beliefs in the power of thought to affect the material world beyond the self."	157.0	-131.55746459960938	-0.8379456343924164	-4.698480878557477	-117.33586120605469	-0.7473621732869725	-4.19056647164481	-117.00520324707031	-0.7452560716373905	-4.17875725882394	28.0
"This projection had nothing to do with competition, supply, demand, capacity, or market forces."	95.0	-77.93132781982422	-0.8203297665244654	-5.56652341570173	-77.11750793457031	-0.8117632414165296	-5.508393423897879	-73.34848022460938	-0.7720892655222039	-5.239177158900669	14.0
"Standing in the hangar-sized Hughes Electronics fabrication facility, I marvel at the huge communications satellite."	116.0	-98.68660736083984	-0.8507466151796538	-6.5791071573893225	-96.95233154296875	-0.8357959615773168	-6.46348876953125	-99.99140930175781	-0.8619949077737743	-6.666093953450521	15.0
"There are too many moving parts."	32.0	-28.351299285888672	-0.885978102684021	-4.725216547648112	-28.526865005493164	-0.8914645314216614	-4.754477500915527	-28.53223991394043	-0.8916324973106384	-4.755373318990071	6.0
"“You are still looking five to ten years ahead?” I query."	57.0	-99.93759155273438	-1.753291079872533	-9.085235595703125	-99.98602294921875	-1.7541407534950657	-9.089638449928977	-96.56810760498047	-1.694177326403166	-8.778918873180043	11.0
"We do not know."	15.0	-22.802406311035156	-1.5201604207356771	-5.700601577758789	-23.424406051635742	-1.5616270701090496	-5.8561015129089355	-22.975387573242188	-1.5316925048828125	-5.743846893310547	4.0
"The diagnosis for the situation should replace the overwhelming complexity of reality with a simpler story, a story that calls attention to its crucial aspects."	160.0	-127.27167510986328	-0.7954479694366455	-5.090867004394531	-123.1600341796875	-0.7697502136230469	-4.9264013671875	-126.8975830078125	-0.7931098937988281	-5.0759033203125	25.0
"And when you hear the sizzle, you can add it all."	49.0	-58.242027282714844	-1.188612801688058	-5.294729752974077	-59.24009323120117	-1.2089814945143096	-5.385463021018288	-56.255897521972656	-1.148079541264748	-5.114172501997515	11.0
"Food doesn't have to be complicated to be delicious."	52.0	-38.340843200683594	-0.7373239077054538	-4.260093688964844	-30.570844650268555	-0.5879008586590106	-3.396760516696506	-33.23759078979492	-0.6391844382652869	-3.693065643310547	9.0
"The recipe for this cheese is simple."	37.0	-33.9998893737793	-0.9189159290210621	-4.8571270533970425	-34.033077239990234	-0.9198128983781144	-4.861868177141462	-33.462799072265625	-0.904399974926098	-4.780399867466518	7.0
"For centuries, it was common for rural Italian families to raise two or three pigs each year."	93.0	-73.43598937988281	-0.7896342944073421	-4.319764081169577	-64.559814453125	-0.6941915532594086	-3.7976361443014706	-67.37742614746094	-0.7244884531985047	-3.963378008674173	17.0
"This is the noble part of the fat."	34.0	-48.46200180053711	-1.4253529941334444	-6.057750225067139	-47.084110260009766	-1.3848267723532284	-5.885513782501221	-48.76947021484375	-1.434396182789522	-6.096183776855469	8.0
"So this, this and this becomes the soppressata."	47.0	-67.49235534667969	-1.436007560567653	-8.436544418334961	-59.64238739013672	-1.2689869657475898	-7.45529842376709	-62.27692794799805	-1.3250410201701712	-7.784615993499756	8.0
"I'm trying to peel the cheese off the bottom of the pot."	56.0	-50.70848083496094	-0.9055085863385882	-4.225706736246745	-48.67648696899414	-0.8692229815891811	-4.056373914082845	-49.71250915527344	-0.8877233777727399	-4.142709096272786	12.0
"But the amazing thing about this ragù is we are layering so many different kinds of fat into it."	96.0	-96.55384826660156	-1.0057692527770996	-5.081781487715872	-91.8609848022461	-0.9568852583567301	-4.834788673802426	-92.03167724609375	-0.9586633046468099	-4.843772486636513	19.0
"Sometimes for a lasagna, I make it only with a soft flour, because I want a really silky, soft noodle."	102.0	-110.16400909423828	-1.0800393048454733	-5.508200454711914	-98.93862915039062	-0.9699865602979473	-4.946931457519531	-105.99857330322266	-1.0392016990512025	-5.299928665161133	20.0
"These are the kinds of things it would never occur to you to eat if you were just looking at that pig's head."	109.0	-83.69413757324219	-0.7678361245251577	-3.6388755466627036	-82.22293090820312	-0.7543388156715883	-3.5749100394870923	-84.89582824707031	-0.7788608096061497	-3.6911229672639267	23.0
"What am I tasting for?"	22.0	-36.61308670043945	-1.6642312136563389	-7.3226173400878904	-35.33938217163086	-1.6063355532559482	-7.0678764343261715	-36.583919525146484	-1.6629054329612039	-7.316783905029297	5.0
"And you taught me that it takes a lot of olive oil to make sofrito."	67.0	-69.10102844238281	-1.0313586334684002	-4.6067352294921875	-66.98068237304688	-0.9997116772096548	-4.465378824869791	-67.1838607788086	-1.0027441907284864	-4.478924051920573	15.0
"It is just like music."	22.0	-31.619888305664062	-1.4372676502574573	-6.323977661132813	-31.590560913085938	-1.4359345869584517	-6.318112182617187	-32.04389572143555	-1.4565407146107068	-6.408779144287109	5.0
"I have something for you."	25.0	-22.524906158447266	-0.9009962463378907	-4.504981231689453	-24.588193893432617	-0.9835277557373047	-4.917638778686523	-24.013919830322266	-0.9605567932128907	-4.802783966064453	5.0
"Most of the flavor of meat is in its fat."	41.0	-50.2140998840332	-1.224734143513005	-5.02140998840332	-43.0648078918457	-1.0503611680937976	-4.306480789184571	-45.85662078857422	-1.118454165574981	-4.585662078857422	10.0
"That's what makes this the queen of Parmesans."	46.0	-62.52031707763672	-1.3591373277747112	-7.81503963470459	-58.44013977050781	-1.2704378210979959	-7.305017471313477	-63.45298385620117	-1.3794126925261125	-7.9316229820251465	8.0
"It's bringing tears to my eyes."	31.0	-30.718017578125	-0.9909037928427419	-5.119669596354167	-33.279605865478516	-1.0735356730799521	-5.546600977579753	-31.134750366210938	-1.0043467860068045	-5.189125061035156	6.0
"And you were standing there at the end of the of the kitchen, just chopping like this."	86.0	-84.99173736572266	-0.988276015880496	-4.999513962689568	-84.32439422607422	-0.9805162119310956	-4.960258483886719	-81.4675064086914	-0.9472965861475745	-4.7922062593347885	17.0
"And then when I came to you, you taught me the simplest way."	60.0	-57.107913970947266	-0.9517985661824544	-4.392916459303636	-56.35421371459961	-0.9392368952433269	-4.334939516507662	-57.4193115234375	-0.956988525390625	-4.4168701171875	13.0
"The essential flavor of any dish starts with the fat it's cooked in."	68.0	-66.84852600097656	-0.9830665588378906	-5.1421943077674275	-59.103050231933594	-0.8691625034107882	-4.546388479379507	-61.77256774902344	-0.908420113956227	-4.751735980694111	13.0
"That's something I need to know about."	38.0	-32.453678131103516	-0.8540441613448294	-4.636239733014788	-33.477664947509766	-0.8809911828292044	-4.782523563929966	-33.521636962890625	-0.8821483411287007	-4.788805280412946	7.0
"Copy that."	10.0	-23.361968994140625	-2.3361968994140625	-11.680984497070312	-26.544837951660156	-2.6544837951660156	-13.272418975830078	-25.85300064086914	-2.585300064086914	-12.92650032043457	2.0
"Keep it going."	14.0	-22.457752227783203	-1.6041251591273717	-7.485917409261067	-23.284435272216797	-1.6631739480154855	-7.761478424072266	-23.909774780273438	-1.707841055733817	-7.9699249267578125	3.0
"Thank you."	10.0	-14.269752502441406	-1.4269752502441406	-7.134876251220703	-15.754311561584473	-1.5754311561584473	-7.877155780792236	-15.973897933959961	-1.5973897933959962	-7.9869489669799805	2.0
"I mean, I'm just not at that stage where I..."	45.0	-49.33048629760742	-1.0962330288357205	-4.9330486297607425	-49.086463928222656	-1.090810309516059	-4.9086463928222654	-48.621849060058594	-1.0804855346679687	-4.86218490600586	10.0
"What the hell is this?"	22.0	-21.329879760742188	-0.9695399891246449	-4.2659759521484375	-20.837080001831055	-0.9471400000832297	-4.167416000366211	-21.37332534790039	-0.9715147885409269	-4.274665069580078	5.0
"I'm just saying."	16.0	-22.261547088623047	-1.3913466930389404	-7.420515696207683	-23.344701766967773	-1.4590438604354858	-7.781567255655925	-22.697032928466797	-1.4185645580291748	-7.565677642822266	3.0
"Oh, my God."	11.0	-20.614349365234375	-1.8740317604758523	-6.871449788411458	-21.386207580566406	-1.9442006891424006	-7.128735860188802	-21.453332901000977	-1.9503029910000889	-7.151110967000325	3.0
"It is fascinating, really."	26.0	-29.931007385253906	-1.1511925917405348	-7.482751846313477	-28.666603088378906	-1.1025616572453425	-7.166650772094727	-28.54216957092285	-1.097775752727802	-7.135542392730713	4.0
"Either that, or I turn you in."	30.0	-40.53167724609375	-1.351055908203125	-5.790239606584821	-39.34972381591797	-1.311657460530599	-5.62138911655971	-40.14292526245117	-1.3380975087483724	-5.734703608921596	7.0
"You just gonna sit there?"	25.0	-35.12815475463867	-1.405126190185547	-7.025630950927734	-34.68032455444336	-1.3872129821777344	-6.936064910888672	-36.42835235595703	-1.4571340942382813	-7.285670471191406	5.0
"Well, actually, it's just basic chemistry..."	44.0	-43.355098724365234	-0.9853431528264825	-7.225849787394206	-45.58766555786133	-1.036083308133212	-7.597944259643555	-45.396751403808594	-1.0317443500865588	-7.566125233968099	6.0
"It's a damn shame."	18.0	-23.893795013427734	-1.3274330563015408	-5.973448753356934	-24.29887580871582	-1.3499375449286566	-6.074718952178955	-23.920978546142578	-1.3289432525634766	-5.9802446365356445	4.0
"Everybody, listen up, listen up, listen up."	43.0	-37.2441520690918	-0.8661430713742279	-5.320593152727399	-39.260379791259766	-0.9130320881688317	-5.6086256844656805	-41.149478912353516	-0.9569646258686864	-5.878496987479074	7.0
"I said, ""fuck you."""	19.0	-31.860218048095703	-1.6768535814787213	-7.965054512023926	-31.966615676879883	-1.6824534566778886	-7.991653919219971	-30.855369567871094	-1.6239668193616366	-7.713842391967773	4.0
"Mommy, could you zip up my big boy pants."	41.0	-63.81322479248047	-1.5564201168897676	-7.090358310275608	-53.047637939453125	-1.2938448277915395	-5.89418199327257	-55.55447769165039	-1.3549872607719609	-6.17271974351671	9.0
"Can you just... drop me off at a corner somewhere?"	50.0	-57.5402717590332	-1.150805435180664	-5.75402717590332	-50.512908935546875	-1.0102581787109375	-5.051290893554688	-55.89545440673828	-1.1179090881347655	-5.589545440673828	10.0
"That's why the respirators."	27.0	-40.88238525390625	-1.5141624168113426	-10.220596313476562	-39.793792724609375	-1.4738441749855324	-9.948448181152344	-39.68222427368164	-1.469712010136357	-9.92055606842041	4.0
"No, I didn't think so."	22.0	-23.020145416259766	-1.0463702461936257	-4.6040290832519535	-25.244747161865234	-1.1474885073575107	-5.048949432373047	-24.13336181640625	-1.0969709916548296	-4.82667236328125	5.0
"Would you shut up and help me?"	30.0	-33.57862854003906	-1.119287618001302	-4.796946934291294	-32.755210876464844	-1.0918403625488282	-4.679315839494977	-34.20642852783203	-1.1402142842610676	-4.886632646833148	7.0
"What about the girls?"	21.0	-27.327804565429688	-1.3013240269252233	-6.831951141357422	-25.4940185546875	-1.2140008835565477	-6.373504638671875	-25.713623046875	-1.224458240327381	-6.42840576171875	4.0
"It really says that?"	20.0	-33.97736358642578	-1.698868179321289	-8.494340896606445	-35.931331634521484	-1.7965665817260743	-8.982832908630371	-34.046058654785156	-1.7023029327392578	-8.511514663696289	4.0
"What are you doing?"	19.0	-18.427082061767578	-0.9698464243035567	-4.6067705154418945	-19.635982513427734	-1.0334727638646175	-4.908995628356934	-18.58768653869629	-0.978299291510331	-4.646921634674072	4.0
"I've got to meet my dad."	24.0	-34.69871139526367	-1.4457796414693196	-5.783118565877278	-33.981197357177734	-1.415883223215739	-5.663532892862956	-34.12013626098633	-1.4216723442077637	-5.686689376831055	6.0
"It looks like a woman's purse."	30.0	-36.18754577636719	-1.2062515258789062	-6.031257629394531	-33.955509185791016	-1.1318503061930338	-5.659251530965169	-34.99422073364258	-1.1664740244547527	-5.832370122273763	6.0
"Are you sure?"	13.0	-21.72582244873047	-1.6712171114408052	-7.241940816243489	-18.99500274658203	-1.461154057429387	-6.331667582194011	-19.816925048828125	-1.5243788499098558	-6.605641682942708	3.0
"I don't want the lipstick that much."	36.0	-43.26325988769531	-1.2017572191026475	-6.1804656982421875	-43.39335632324219	-1.2053710089789496	-6.1990509033203125	-43.031211853027344	-1.1953114403618708	-6.147315979003906	7.0
"Please, take those off!"	23.0	-37.10280227661133	-1.6131653163744055	-9.275700569152832	-35.024192810058594	-1.522790991741678	-8.756048202514648	-37.18386459350586	-1.6166897649350374	-9.295966148376465	4.0
"You'd better show me that too."	30.0	-37.376094818115234	-1.2458698272705078	-6.229349136352539	-37.20820999145508	-1.240273666381836	-6.20136833190918	-37.774925231933594	-1.2591641743977864	-6.295820871988933	6.0
"Do you sell these?"	18.0	-28.31015396118164	-1.5727863311767578	-7.07753849029541	-27.313199996948242	-1.517399999830458	-6.8282999992370605	-28.16981315612793	-1.564989619784885	-7.042453289031982	4.0
"What did Frances leave me?"	26.0	-45.63452911376953	-1.7551741966834435	-9.126905822753907	-39.64125061035156	-1.5246634850135217	-7.928250122070312	-41.91911315917969	-1.6122735830453725	-8.383822631835937	5.0
"It's not a purse."	17.0	-34.074886322021484	-2.00440507776597	-8.518721580505371	-32.4381103515625	-1.9081241383272058	-8.109527587890625	-30.442832946777344	-1.7907548792221968	-7.610708236694336	4.0
"If she isn't, cremating her was a big mistake."	46.0	-57.3602294921875	-1.2469615106997283	-6.373358832465278	-53.93281555175781	-1.172452511994735	-5.992535061306423	-55.94855499267578	-1.2162729346233865	-6.216506110297309	9.0
"Not the way they're doing it."	29.0	-32.708473205566406	-1.1278783863988415	-5.451412200927734	-33.693172454833984	-1.1618335329253098	-5.615528742472331	-31.795211791992188	-1.096386613516972	-5.299201965332031	6.0
"I have just a few questions to ask, so I'll get out my official forms."	70.0	-69.75726318359375	-0.9965323311941964	-4.650484212239584	-64.99689483642578	-0.9285270690917968	-4.333126322428385	-64.1148452758789	-0.9159263610839844	-4.274323018391927	15.0
"Will you tell him who you are?"	30.0	-32.202213287353516	-1.0734071095784505	-4.600316183907645	-29.904075622558594	-0.9968025207519531	-4.272010803222656	-30.371334075927734	-1.0123778025309245	-4.3387620108468195	7.0
"Only okay."	10.0	-24.563514709472656	-2.456351470947266	-12.281757354736328	-26.559772491455078	-2.655977249145508	-13.279886245727539	-25.3321533203125	-2.53321533203125	-12.66607666015625	2.0
"Reverend Pong will say when to put them on."	43.0	-68.41468811035156	-1.5910392583802688	-7.601632012261285	-69.88536071777344	-1.6252409469249636	-7.7650400797526045	-65.66091918945312	-1.5269981206849563	-7.295657687717014	9.0
"All right, I'll see you."	24.0	-29.913768768310547	-1.2464070320129395	-5.982753753662109	-30.685123443603516	-1.2785468101501465	-6.137024688720703	-30.122323989868164	-1.2550968329111736	-6.024464797973633	5.0
"They made me."	13.0	-26.34435272216797	-2.0264886709359975	-8.781450907389322	-25.100004196166992	-1.9307695535513072	-8.366668065388998	-25.195114135742188	-1.938085702749399	-8.398371378580729	3.0
"It was spotted Saturday by patrol aircraft."	43.0	-52.383705139160156	-1.2182257009107014	-7.4833864484514505	-49.75114440917969	-1.157003358353016	-7.107306344168527	-51.10708236694336	-1.188536799231241	-7.3010117667061945	7.0
"I got a wife."	13.0	-28.616764068603516	-2.201289543738732	-7.154191017150879	-28.140275955200195	-2.1646366119384766	-7.035068988800049	-28.035808563232422	-2.1566006587101865	-7.0089521408081055	4.0
"Where the fuck did this heat come from?"	39.0	-38.89144515991211	-0.997216542561849	-4.861430644989014	-34.57884216308594	-0.886636978540665	-4.322355270385742	-40.260643005371094	-1.0323241796248999	-5.032580375671387	8.0
"I was trying to ski."	20.0	-35.38332748413086	-1.7691663742065429	-7.0766654968261715	-36.077327728271484	-1.8038663864135742	-7.215465545654297	-36.69461441040039	-1.8347307205200196	-7.3389228820800785	5.0
"Goddamn convention."	19.0	-31.55126953125	-1.6605931332236843	-15.775634765625	-32.31505584716797	-1.7007924130088405	-16.157527923583984	-32.29736328125	-1.6998612253289473	-16.148681640625	2.0
"What have you got for me?"	25.0	-25.426742553710938	-1.0170697021484374	-4.237790425618489	-24.706117630004883	-0.9882447052001954	-4.1176862716674805	-22.965194702148438	-0.9186077880859375	-3.8275324503580728	6.0
"Twenty-five percent of your take-home kicks back to me."	55.0	-71.7423095703125	-1.3044056285511363	-7.971367730034722	-63.38060760498047	-1.1523746837269175	-7.042289733886719	-67.58922576904297	-1.2288950139825994	-7.509913974338108	9.0
"Vegas and the Super Bowl cleaned me out."	40.0	-56.68582534790039	-1.4171456336975097	-7.085728168487549	-52.615928649902344	-1.3153982162475586	-6.576991081237793	-54.22993087768555	-1.3557482719421388	-6.778741359710693	8.0
"He'll meet you at BJ's on Alvarado... at 2 a.m."	47.0	-77.77526092529297	-1.6547927856445312	-7.777526092529297	-74.14207458496094	-1.57749094861619	-7.414207458496094	-74.66759490966797	-1.588672232120595	-7.466759490966797	10.0
"That's what it looks like out there."	36.0	-28.974956512451172	-0.8048599031236436	-4.139279501778739	-27.619266510009766	-0.7672018475002713	-3.9456095014299666	-28.41616439819336	-0.7893378999498155	-4.059452056884766	7.0
"I do, um, letterheads and logotypes at night... and the store's a day job till I get enough going."	98.0	-143.69183349609375	-1.4662431989397322	-7.5627280787417765	-135.55276489257812	-1.3831914784956951	-7.134356046977796	-143.25637817382812	-1.4617997772839604	-7.5398093775699015	19.0
"You running a revolving tail?"	29.0	-51.669376373291016	-1.7817026335617592	-10.333875274658203	-54.955875396728516	-1.8950301860940868	-10.991175079345703	-51.679569244384766	-1.7820541118753368	-10.335913848876952	5.0
"Somewhere, someone's trying to put it together for him."	55.0	-45.288421630859375	-0.8234258478338068	-5.032046847873264	-46.46266174316406	-0.8447756680575285	-5.162517971462673	-46.872188568115234	-0.8522216103293679	-5.208020952012804	9.0
"I'm a needle starting at zero going the other way, a double blank."	66.0	-90.003662109375	-1.3636918501420454	-6.923358623798077	-91.33863830566406	-1.3839187622070312	-7.0260491004356975	-85.75341796875	-1.2992942116477273	-6.596416766826923	13.0
"No, not for me, it wasn't."	26.0	-36.50857162475586	-1.4041758317213793	-6.08476193745931	-37.13832092285156	-1.428396958571214	-6.189720153808594	-36.15095138549805	-1.3904212071345403	-6.025158564249675	6.0
"You have a tight family."	24.0	-36.24100112915039	-1.5100417137145996	-7.248200225830078	-35.388427734375	-1.474517822265625	-7.077685546875	-33.879966735839844	-1.4116652806599934	-6.775993347167969	5.0
"I got a package for you."	24.0	-30.809642791748047	-1.2837351163228352	-5.134940465291341	-31.815298080444336	-1.325637420018514	-5.302549680074056	-32.34477233886719	-1.3476988474527996	-5.390795389811198	6.0
"He doesn't talk about scores with Charlene... so there's nothing for me to get from Marciano."	93.0	-106.4039077758789	-1.1441280406008485	-6.650244235992432	-107.46751403808594	-1.155564667076193	-6.716719627380371	-104.43385314941406	-1.1229446575205813	-6.527115821838379	16.0
"In the United State, people usually have their teeth straightened at a young age."	81.0	-69.43074035644531	-0.8571696340301891	-4.9593385968889505	-61.961402893066406	-0.7649555912724247	-4.425814492361886	-67.90351104736328	-0.8383149512020158	-4.850250789097378	14.0
"It was careless of you not to lock the door."	44.0	-48.91943359375	-1.1118053089488635	-4.891943359375	-44.89830780029297	-1.0204160863702947	-4.489830780029297	-44.62592697143555	-1.0142256129871716	-4.462592697143554	10.0
"I'm thinking of leaving the company and starting my own business next year."	75.0	-45.86725997924805	-0.6115634663899739	-3.528250767634465	-46.80652618408203	-0.6240870157877604	-3.6005020141601562	-47.43095397949219	-0.6324127197265625	-3.648534921499399	13.0
"When you get on the escalator, you stand on one side so that those in a hurry can walk up the other side."	105.0	-86.23360443115234	-0.8212724231538319	-3.7492871491805366	-79.07876586914062	-0.753131103515625	-3.438207211701766	-84.41403198242188	-0.8039431617373511	-3.6701753035835596	23.0
"Don't worry, that clock is 10 minutes fast."	43.0	-50.31243896484375	-1.1700567201126453	-6.289054870605469	-46.7435302734375	-1.087058843568314	-5.8429412841796875	-46.8760986328125	-1.0901418286700582	-5.8595123291015625	8.0
"The city increased in population by 20 percent over the last five years."	72.0	-48.94563293457031	-0.6798004574245877	-3.7650486872746396	-50.585784912109375	-0.7025803460015191	-3.8912142240084133	-50.38035583496094	-0.6997271643744575	-3.8754119873046875	13.0
"I want to invest in what I think will yield a profit."	53.0	-50.664119720458984	-0.9559267871784713	-4.222009976704915	-48.80298614501953	-0.9208110593399912	-4.066915512084961	-46.916015625	-0.8852078419811321	-3.90966796875	12.0
"We went to a French restaurant to celebrate her birthday."	57.0	-43.360389709472656	-0.7607085913942572	-4.336038970947266	-40.10227966308594	-0.7035487660190516	-4.010227966308594	-42.866695404052734	-0.7520472877903989	-4.286669540405273	10.0
"Oil heaters consume more electricity than I expected."	53.0	-55.589324951171875	-1.04885518775796	-6.948665618896484	-54.955081939697266	-1.0368883384848542	-6.869385242462158	-56.358707427978516	-1.0633718382637456	-7.0448384284973145	8.0
"Be careful not to repeat the same mistake."	42.0	-30.11322784423828	-0.7169816153390067	-3.764153480529785	-30.368194580078125	-0.723052251906622	-3.7960243225097656	-32.82846450805664	-0.781630107334682	-4.10355806350708	8.0
"I often go shopping in Shibuya on Sundays."	42.0	-48.135475158691406	-1.1460827418736048	-6.016934394836426	-51.8173942565918	-1.2337474822998047	-6.477174282073975	-49.29913330078125	-1.1737888881138392	-6.162391662597656	8.0
"My sister and I take turns cooking meals."	41.0	-43.370574951171875	-1.0578189012480945	-5.421321868896484	-42.75846862792969	-1.0428894787299923	-5.344808578491211	-40.93171310424805	-0.9983344659572695	-5.116464138031006	8.0
"The air conditioner doesn't work."	33.0	-32.77579116821289	-0.9932057929761482	-6.555158233642578	-29.91464614868164	-0.9065044287479285	-5.982929229736328	-27.78052520751953	-0.8418340971975615	-5.556105041503907	5.0
"I got an iPhone as a present to celebrate my passing the high school entrance exam."	83.0	-74.62991333007812	-0.8991555822900978	-4.664369583129883	-70.21543884277344	-0.8459691426840174	-4.38846492767334	-72.71463012695312	-0.876079881047628	-4.54466438293457	16.0
"We've still got time before our departure, so shall we look around for gifts?"	77.0	-73.74068450927734	-0.9576712273932123	-5.2671917506626675	-68.86689758300781	-0.8943752932858158	-4.919064113071987	-65.37275695800781	-0.8489968436104911	-4.6694826398577005	14.0
"I played a tennis match with her and was surprised at how strong she was."	73.0	-54.90848922729492	-0.7521710853054099	-3.660565948486328	-54.83976745605469	-0.7512296911788313	-3.6559844970703126	-56.40670394897461	-0.7726945746434878	-3.7604469299316405	15.0
"Let's have a party now that the project has been completed successfully."	72.0	-58.84384536743164	-0.8172756301032172	-4.903653780619304	-56.084877014160156	-0.7789566251966689	-4.673739751180013	-59.95935821533203	-0.8327688641018338	-4.996613184611003	12.0
"Watch out, the weather can change suddenly in the mountains."	60.0	-54.46033477783203	-0.9076722462972006	-5.446033477783203	-47.76020812988281	-0.7960034688313802	-4.776020812988281	-49.51105499267578	-0.8251842498779297	-4.9511054992675785	10.0
"It's a shame that you missed such a great opportunity."	54.0	-40.51344299316406	-0.750248944317853	-4.051344299316407	-39.11750411987305	-0.7243982244420935	-3.9117504119873048	-39.347843170166016	-0.7286637624104818	-3.9347843170166015	10.0
"I had my wallet stolen in the train."	36.0	-43.1125602722168	-1.1975711186726887	-5.3890700340271	-41.01154708862305	-1.1392096413506403	-5.126443386077881	-40.3311653137207	-1.1203101476033528	-5.041395664215088	8.0
"Faith is the strength by which a shattered world shall emerge into the light."	77.0	-71.46885681152344	-0.9281669715782265	-5.104918343680246	-67.34443664550781	-0.8746030733182832	-4.810316903250558	-70.07211303710938	-0.9100274420403814	-5.005150931222098	14.0
"To say 'I love you' one must first be able to say the 'I.'"	58.0	-66.49636840820312	-1.1464891104862607	-4.7497406005859375	-56.74660873413086	-0.9783898057608769	-4.053329195295062	-65.50171661376953	-1.129339941616716	-4.6786940438406805	14.0
"Beauty in art is often nothing but ugliness subdued."	52.0	-72.41690063476562	-1.3926327045147235	-8.046322292751736	-63.5848388671875	-1.2227853628305287	-7.064982096354167	-68.06513977050781	-1.3089449955866888	-7.562793307834202	9.0
"The view of Earth is spectacular."	33.0	-38.36824035644531	-1.1626739501953125	-6.394706726074219	-37.46989440917969	-1.1354513457327178	-6.244982401529948	-37.824974060058594	-1.1462113351532908	-6.304162343343099	6.0
"A bank is a place that will lend you money if you can prove that you don't need it."	83.0	-60.973297119140625	-0.7346180375800075	-3.209120901007401	-54.44366455078125	-0.6559477656720633	-2.8654560289884867	-57.358184814453125	-0.6910624676440136	-3.0188518323396383	19.0
"It is better to rust out than wear out."	39.0	-47.79692459106445	-1.2255621690016527	-5.310769399007161	-44.64168930053711	-1.144658700013772	-4.960187700059679	-43.883827209472656	-1.125226338704427	-4.875980801052517	9.0
"Fortune and love favor the brave."	33.0	-48.33347702026367	-1.464650818795869	-8.05557950337728	-43.43600845336914	-1.3162426804051255	-7.23933474222819	-42.55121612548828	-1.2894307916814631	-7.091869354248047	6.0
"An artist is not paid for his labor but for his vision."	55.0	-61.90481185913086	-1.1255420338023792	-5.158734321594238	-49.32295608520508	-0.8967810197310014	-4.110246340433757	-52.672855377197266	-0.9576882795854048	-4.3894046147664385	12.0
"Nature is never finished."	25.0	-29.856407165527344	-1.1942562866210937	-7.464101791381836	-29.81538963317871	-1.1926155853271485	-7.453847408294678	-28.537532806396484	-1.1415013122558593	-7.134383201599121	4.0
"There must be quite a few things that a hot bath won't cure, but I don't know many of them."	91.0	-78.60511779785156	-0.8637925032730941	-3.930255889892578	-74.9139404296875	-0.8232301146119505	-3.745697021484375	-76.79541015625	-0.8439056061126373	-3.8397705078125	20.0
"We relish news of our heroes, forgetting that we are extraordinary to somebody too."	83.0	-95.09264373779297	-1.1456945028649754	-6.792331695556641	-91.39723205566406	-1.1011714705501694	-6.528373718261719	-89.42102813720703	-1.077361784785627	-6.387216295514788	14.0
"The best thing commercially, which is the worst artistically, by and large, is the most successful."	99.0	-92.41081237792969	-0.9334425492720171	-5.7756757736206055	-85.3597183227539	-0.8622193769975142	-5.334982395172119	-91.86687469482422	-0.9279482292406487	-5.741679668426514	16.0
"Today's mighty oak is just yesterday's nut, that held its ground."	65.0	-86.59703063964844	-1.3322620098407452	-7.872457330877131	-81.58332061767578	-1.2551280095027044	-7.416665510697798	-85.55775451660156	-1.3162731464092547	-7.777977683327415	11.0
"The trouble with super heroes is what to do between phone booths."	65.0	-74.9960708618164	-1.1537857055664062	-6.249672571818034	-69.60716247558594	-1.070879422701322	-5.800596872965495	-70.32279205322266	-1.0818891085111177	-5.860232671101888	12.0
"God cannot alter the past, though historians can."	49.0	-54.889732360839844	-1.1201986196089764	-6.8612165451049805	-52.494171142578125	-1.0713096151546555	-6.561771392822266	-55.32476043701172	-1.129076743612484	-6.915595054626465	8.0
"Each moment of a happy lover's hour is worth an age of dull and common life."	76.0	-100.75245666503906	-1.3256902192768298	-6.297028541564941	-94.08037567138672	-1.2378996798866673	-5.88002347946167	-91.7825698852539	-1.2076653932270252	-5.736410617828369	16.0
"I continue to get further away from the usual painter's tools such as easel, palette, brushes, etc."	99.0	-94.61778259277344	-0.9557351777047822	-5.5657519172219665	-83.20885467529297	-0.8404934815686158	-4.894638510311351	-86.46549987792969	-0.8733888876558554	-5.086205875172334	17.0
"America forms the longest and straightest bone in the earth's skeleton."	71.0	-70.91754913330078	-0.998838720187335	-6.447049921209162	-64.27459716796875	-0.9052760164502641	-5.843145197088068	-74.91194915771484	-1.0550978754607725	-6.810177196155895	11.0
"Research is what I'm doing when I don't know what I'm doing."	60.0	-48.070838928222656	-0.801180648803711	-4.005903244018555	-46.107994079589844	-0.768466567993164	-3.8423328399658203	-46.95807647705078	-0.7826346079508464	-3.913173039754232	12.0
"Target.com just made my book disappear."	39.0	-55.277488708496094	-1.4173715053460536	-9.21291478474935	-54.0570068359375	-1.3860770983573718	-9.009501139322916	-54.63253402709961	-1.400834205823067	-9.105422337849935	6.0
"One of the few remaining great hall central hearths in action, at Penshurst Place, built in 1341."	97.0	-129.62966918945312	-1.3363883421593106	-7.625274658203125	-119.70719146728516	-1.2340947573946923	-7.041599498075597	-125.73062133789062	-1.2961919725555735	-7.3959189022288605	17.0
"Bill Gates sold only .7% of his stock in Microsoft's IPO."	57.0	-66.46666717529297	-1.1660818802682977	-6.042424288662997	-61.94041442871094	-1.0866739373458059	-5.630946766246449	-62.85042190551758	-1.102638980798554	-5.713674718683416	11.0
"Friday the 13th is good!"	24.0	-35.272281646728516	-1.4696784019470215	-7.054456329345703	-36.07301712036133	-1.5030423800150554	-7.214603424072266	-33.957279205322266	-1.4148866335550945	-6.791455841064453	5.0
"A substantial portion of Russian regional governors have plagiarized PhD theses."	80.0	-84.40914916992188	-1.0551143646240235	-7.673559015447443	-76.81315612792969	-0.9601644515991211	-6.983014193448153	-78.47666931152344	-0.980958366394043	-7.134242664683949	11.0
"There are only three statewide contests in the past half-century in which recounts changed the outcome."	103.0	-75.90864562988281	-0.7369771420376973	-4.744290351867676	-71.54149627685547	-0.6945776337558783	-4.471343517303467	-76.99278259277344	-0.7475027436191596	-4.81204891204834	16.0
"We have been at Level 5 lockdown in Ireland since October 21st."	63.0	-67.52432250976562	-1.0718146430121527	-5.627026875813802	-70.60713958740234	-1.1207482474190849	-5.883928298950195	-67.98110961914062	-1.0790652320498513	-5.665092468261719	12.0
"I am automatically not interested in any home-<whatever> system with a Windows (or Mac) computer at the heart of it."	116.0	-116.21036529541016	-1.0018134939259495	-5.810518264770508	-107.74884796142578	-0.9288693789778084	-5.387442398071289	-117.92381286621094	-1.0165845936742322	-5.896190643310547	20.0
"It didn't occur to me till a few minutes later, but this is exactly what I'm always nagging founders to do."	107.0	-92.88151550292969	-0.8680515467563522	-4.422929309663319	-83.27546691894531	-0.778275391765844	-3.9654984247116816	-84.4229736328125	-0.7889997535776869	-4.0201416015625	21.0
"Attempts to produce vaccines for the two other known human coronavirus diseases were unsuccessful."	98.0	-70.93302154541016	-0.7238063423001037	-5.066644396100726	-69.9308090209961	-0.7135796838877152	-4.995057787214007	-69.42527770996094	-0.7084212011220504	-4.958948407854352	14.0
"If we want to leave poverty behind while bringing emissions to zero we have to bring this line to zero."	103.0	-93.94403076171875	-0.9120779685603763	-4.697201538085937	-93.43238830566406	-0.9071105660744083	-4.671619415283203	-90.50669860839844	-0.8787058117320237	-4.5253349304199215	20.0
"Remember the good old days, when the CDC figured out things about infectious diseases before ordinary people?"	109.0	-78.83103942871094	-0.7232205452175315	-4.637119966394761	-74.24911499023438	-0.6811845411948108	-4.367594999425552	-76.96049499511719	-0.7060595871111669	-4.527087940889246	17.0
"It's not just airlines that compete with airlines."	50.0	-39.567413330078125	-0.7913482666015625	-4.945926666259766	-40.51224899291992	-0.8102449798583984	-5.06403112411499	-42.56437683105469	-0.8512875366210938	-5.320547103881836	8.0
"Interesting point: Elevators increase segregation."	50.0	-58.6036376953125	-1.17207275390625	-11.7207275390625	-59.10334014892578	-1.1820668029785155	-11.820668029785157	-54.76840591430664	-1.0953681182861328	-10.953681182861327	5.0
"The fact that the most popular Apple laptops are still spec'd to have a max of 16 GB of RAM is exactly why I am building Mighty."	128.0	-118.98783874511719	-0.929592490196228	-4.4069569905598955	-116.06585693359375	-0.9067645072937012	-4.298735441984953	-117.59222412109375	-0.9186892509460449	-4.3552675600405095	27.0
"3D map of US COVID cases, March 1st to November 10."	51.0	-94.04701232910156	-1.8440590652765012	-8.549728393554688	-93.59809875488281	-1.8352568383310355	-8.50891806862571	-98.14908599853516	-1.9244918823242188	-8.922644181685014	11.0
"Fuck that was cool."	19.0	-28.413372039794922	-1.495440633673417	-7.1033430099487305	-29.898197174072266	-1.5735893249511719	-7.474549293518066	-31.041587829589844	-1.6337677805047286	-7.760396957397461	4.0
"Congress allocated $25 billion to testing in April—that was far too little."	75.0	-79.58405303955078	-1.0611207071940105	-6.632004419962565	-79.25843811035156	-1.0567791748046875	-6.604869842529297	-77.88519287109375	-1.03846923828125	-6.4904327392578125	12.0
"What does runaway spread look like?"	35.0	-42.762691497802734	-1.2217911856515067	-7.127115249633789	-43.913307189941406	-1.2546659197126115	-7.318884531656901	-40.56371307373047	-1.1589632306780133	-6.760618845621745	6.0
"The old woman is a doctor."	26.0	-38.31252670288086	-1.4735587193415716	-6.38542111714681	-37.17219924926758	-1.4296999711256762	-6.195366541544597	-36.91825485229492	-1.41993287893442	-6.153042475382487	6.0
"I don't go to school on Sunday."	31.0	-35.32088088989258	-1.1393832545126639	-5.045840127127511	-36.440834045410156	-1.1755107756583922	-5.205833435058594	-34.30591583251953	-1.1066424462103075	-4.900845118931362	7.0
"My father insisted that we should go."	37.0	-42.49822998046875	-1.1486008102829393	-6.071175711495536	-40.335880279541016	-1.0901589264740814	-5.762268611363003	-41.21504211425781	-1.113920057142103	-5.8878631591796875	7.0
"You only die once."	18.0	-27.071147918701172	-1.5039526621500652	-6.767786979675293	-25.545076370239258	-1.4191709094577365	-6.3862690925598145	-25.344932556152344	-1.4080518086751301	-6.336233139038086	4.0
"Is there a bus stop near your house?"	36.0	-36.3004035949707	-1.0083445443047419	-4.537550449371338	-32.56851577758789	-0.9046809938218858	-4.071064472198486	-34.19560241699219	-0.9498778449164497	-4.274450302124023	8.0
"He gives powerful lectures about Islam."	39.0	-43.69883346557617	-1.120482909373748	-7.283138910929362	-45.19569778442383	-1.1588640457544572	-7.532616297403972	-43.22052764892578	-1.1082186576647637	-7.203421274820964	6.0
"He studied in various Islamic schools."	38.0	-40.17905044555664	-1.0573434327778064	-6.696508407592773	-39.999237060546875	-1.0526115015933388	-6.6665395100911455	-40.59972381591797	-1.0684137846294202	-6.766620635986328	6.0
"Tom sprained his wrist on October 20th."	39.0	-52.74631118774414	-1.3524695176344652	-7.535187312534878	-49.68928146362305	-1.2740841400928986	-7.098468780517578	-52.10757827758789	-1.3360917507073817	-7.443939753941128	7.0
"Tom told Mary exactly what she wanted to know."	46.0	-50.81936264038086	-1.1047687530517578	-5.646595848931207	-49.054405212402344	-1.0664001133130945	-5.4504894680447045	-47.001590728759766	-1.0217737114947776	-5.222398969862196	9.0
"Sami kind of didn't care about that."	36.0	-46.121864318847656	-1.2811628977457683	-6.588837759835379	-48.202789306640625	-1.3389663696289062	-6.886112758091518	-47.4105110168457	-1.3169586393568251	-6.772930145263672	7.0
"Tom has friends in Australia."	29.0	-39.76726531982422	-1.3712850110284214	-7.953453063964844	-41.694671630859375	-1.4377472976158405	-8.338934326171875	-41.18989944458008	-1.4203413601579338	-8.237979888916016	5.0
"Sami brought forward more damning evidence against Layla."	57.0	-67.81657409667969	-1.1897644578364857	-8.477071762084961	-73.21018981933594	-1.2843892950760691	-9.151273727416992	-69.11774444580078	-1.2125920078210664	-8.639718055725098	8.0
"Please don't call Tom back."	27.0	-39.500057220458984	-1.4629650822392217	-7.900011444091797	-39.660118103027344	-1.4688932630750868	-7.932023620605468	-39.48814010620117	-1.4625237076370805	-7.8976280212402346	5.0
"I'm getting a lot better at French."	35.0	-38.94398880004883	-1.1126853942871093	-5.563426971435547	-38.79765319824219	-1.108504377092634	-5.542521885463169	-39.62369918823242	-1.1321056910923548	-5.660528455461774	7.0
"I can't believe Tom and Mary are really planning to do that."	60.0	-56.63581466674805	-0.9439302444458008	-4.719651222229004	-57.545196533203125	-0.9590866088867187	-4.795433044433594	-56.3597297668457	-0.9393288294474283	-4.696644147237142	12.0
"Tom seemed happy enough."	24.0	-39.83727264404297	-1.659886360168457	-9.959318161010742	-36.95415115356445	-1.5397562980651855	-9.238537788391113	-35.05118179321289	-1.460465908050537	-8.762795448303223	4.0
"No children were in the park."	29.0	-37.27573013305664	-1.28537000458816	-6.212621688842773	-32.8046760559082	-1.1311957260658	-5.467446009318034	-33.861328125	-1.1676320043103448	-5.6435546875	6.0
"I don't live in this neighborhood."	34.0	-30.628398895263672	-0.9008352616254021	-5.104733149210612	-30.955230712890625	-0.9104479621438419	-5.1592051188151045	-31.230613708496094	-0.918547462014591	-5.205102284749349	6.0
"All women like diamonds."	24.0	-34.0177116394043	-1.4174046516418457	-8.504427909851074	-35.42828369140625	-1.476178487141927	-8.857070922851562	-34.59359359741211	-1.4413997332255046	-8.648398399353027	4.0
"I've been learning Finnish for over ten years, and I still have trouble understanding it."	89.0	-58.06934356689453	-0.6524645344594892	-3.8712895711263022	-53.7950439453125	-0.6044386960147472	-3.5863362630208333	-52.94461441040039	-0.5948833079820268	-3.529640960693359	15.0
"He comes down on Thursday at the latest, very likely on Wednesday."	66.0	-66.61752319335938	-1.0093564120205967	-5.551460266113281	-70.36419677734375	-1.0661241935961174	-5.8636830647786455	-63.18946075439453	-0.9574160720362808	-5.265788396199544	12.0
"When she came to that part of the letter in which her family were mentioned in terms of such mortifying, yet merited reproach, her sense of shame was severe."	157.0	-150.64981079101562	-0.9595529349746218	-5.19482106175916	-145.1366424560547	-0.9244372130958898	-5.004711808829472	-148.3644256591797	-0.9449963417782146	-5.116014677902748	29.0
"Lady Catherine, it appeared, had actually taken the trouble of this journey from Rosings, for the sole purpose of breaking off her supposed engagement with Mr. Darcy."	166.0	-154.3835906982422	-0.9300216307123024	-5.7179107666015625	-141.44149780273438	-0.8520572156791227	-5.2385739926938655	-141.8873748779297	-0.8547432221562029	-5.25508795844184	27.0
"It must be very agreeable for her to be settled within so easy a distance of her own family and friends."	104.0	-90.13804626464844	-0.8667119833139273	-4.292287917364211	-79.87220764160156	-0.7680019965538611	-3.803438459123884	-81.71638488769531	-0.7857344700739934	-3.8912564232235862	21.0
"Elizabeth could not but smile at such a conclusion of such a beginning, but Mrs. Bennet, who had persuaded herself that her husband regarded the affair as she wished, was excessively disappointed."	196.0	-165.87969970703125	-0.8463249985052614	-5.183740615844727	-149.28631591796875	-0.7616648771324936	-4.665197372436523	-153.03353881835938	-0.7807833613181601	-4.7822980880737305	32.0
"Aye—that is because you have the right disposition."	51.0	-62.19477462768555	-1.2195053848565793	-7.774346828460693	-59.621612548828125	-1.1690512264476103	-7.452701568603516	-60.30061721801758	-1.1823650434905408	-7.537577152252197	8.0
"It would have spared her, she thought, one sleepless night out of two."	70.0	-66.49224853515625	-0.9498892647879464	-5.114788348858173	-68.46769714355469	-0.9781099591936384	-5.266745934119592	-67.18851470947266	-0.9598359244210379	-5.16834728534405	13.0
"“Yes, madam,” said Mrs. Bennet, delighted to speak to Lady Catherine."	69.0	-122.24566650390625	-1.7716763261435688	-11.113242409446023	-109.58623504638672	-1.5882063050200974	-9.962385004216975	-108.77804565429688	-1.5764934152796648	-9.888913241299717	11.0
"Elizabeth related to Jane the next day what had passed between Mr. Wickham and herself."	87.0	-95.13188171386719	-1.0934699047570942	-6.342125447591146	-79.99227905273438	-0.9194514833647629	-5.332818603515625	-87.53813171386719	-1.0061854219984734	-5.835875447591146	15.0
"Lakes, mountains, and rivers shall not be jumbled together in our imaginations; nor when we attempt to describe any particular scene, will we begin quarreling about its relative situation."	188.0	-155.00621032714844	-0.8245011187614278	-5.345041735418912	-150.2663116455078	-0.7992888917314246	-5.181596953293373	-148.87545776367188	-0.7918907327854887	-5.133636474609375	29.0
"Then pray speak aloud."	22.0	-40.252464294433594	-1.8296574679287998	-10.063116073608398	-43.88432312011719	-1.9947419600053267	-10.971080780029297	-40.099853515625	-1.8227206143465908	-10.02496337890625	4.0
"It is a circumstance which Darcy could not wish to be generally known, because if it were to get round to the lady’s family, it would be an unpleasant thing."	157.0	-164.19798278808594	-1.0458470241279358	-5.473266092936198	-153.61392211914062	-0.9784326249626791	-5.120464070638021	-163.4686737060547	-1.0412017433506668	-5.448955790201823	30.0
"That she should receive an offer of marriage from Mr. Darcy!"	60.0	-66.64547729492188	-1.1107579549153646	-6.058679754083807	-66.88710021972656	-1.1147850036621094	-6.080645474520597	-63.72571563720703	-1.0620952606201173	-5.79324687610973	11.0
"There certainly was some great mismanagement in the education of those two young men."	85.0	-74.23461151123047	-0.8733483707203584	-5.302472250802176	-68.83326721191406	-0.8098031436695772	-4.916661943708148	-71.7155532836914	-0.8437123915728401	-5.122539520263672	14.0
"This was praise, of all others most extraordinary, most opposite to her ideas."	78.0	-103.95281982421875	-1.3327284592848558	-7.996370755709135	-100.11780548095703	-1.2835616087302184	-7.70136965238131	-99.02487182617188	-1.2695496387970753	-7.617297832782452	13.0
"How is such a man to be worked on?"	34.0	-48.52267074584961	-1.4271373748779297	-5.391407860649957	-47.348846435546875	-1.392613130457261	-5.260982937282986	-46.99214172363281	-1.3821218154009651	-5.2213490804036455	9.0
"He brought it with him for us to see."	37.0	-40.43918991088867	-1.0929510786726668	-4.4932433234320746	-43.35491180419922	-1.1717543730864655	-4.817212422688802	-42.66864013671875	-1.153206490181588	-4.740960015190972	9.0
"I mean, that no man in his senses would marry Lydia on so slight a temptation as one hundred a year during my life, and fifty after I am gone."	142.0	-169.85879516601562	-1.1961886983522227	-5.661959838867188	-151.73251342773438	-1.068538826955876	-5.057750447591146	-158.54505920410156	-1.116514501437335	-5.2848353068033855	30.0
"Her father lifted up his eyes."	30.0	-41.014862060546875	-1.3671620686848958	-6.8358103434244795	-39.628074645996094	-1.3209358215332032	-6.604679107666016	-42.32054901123047	-1.4106849670410155	-7.053424835205078	6.0
"“I’ll be the judge of who does and doesn’t make a warrior,” Dojo said."	70.0	-148.1335906982422	-2.116194152832031	-10.580970764160156	-130.31298828125	-1.8616141183035715	-9.308070591517858	-127.07621002197266	-1.8153744288853237	-9.076872144426618	14.0
"“I’ll be the judge of who does and doesn’t make a warrior,” he said."	68.0	-135.34304809570312	-1.9903389425838696	-9.667360578264509	-110.65833282470703	-1.6273284238927506	-7.904166630336216	-112.515625	-1.654641544117647	-8.036830357142858	14.0
"""I’ll be the judge of who does and doesn’t make a warrior,"" he said."	68.0	-93.29008483886719	-1.3719130123362822	-6.663577488490513	-82.38378143310547	-1.2115261975456686	-5.884555816650391	-87.48220825195312	-1.2865030625287224	-6.248729160853794	14.0
"“Goat’s blood is good,” Billy kept insisting."	45.0	-117.42467498779297	-2.6094372219509547	-16.77495356968471	-114.46381378173828	-2.543640306260851	-16.351973397391184	-113.65795135498047	-2.525732252332899	-16.23685019356864	7.0
"“Goat’s blood is good,” he kept insisting."	42.0	-107.63060760498047	-2.562633514404297	-15.375801086425781	-106.98029327392578	-2.5471498398553756	-15.282899039132255	-105.23087310791016	-2.5054969787597656	-15.032981872558594	7.0
"""Goat’s blood is good,"" he kept insisting."	42.0	-78.9673080444336	-1.8801740010579426	-11.281044006347656	-79.53237915039062	-1.8936280750093006	-11.361768450055804	-82.62808990478516	-1.967335473923456	-11.804012843540736	7.0
"“Sorry—,” I began, but his face was already back in the beans."	62.0	-126.70508575439453	-2.0436304153934604	-10.558757146199545	-119.35073852539062	-1.9250119116998488	-9.945894877115885	-113.23004913330078	-1.8262911150532384	-9.435837427775065	12.0
"“Sorry” I began, but his face was already back in the beans."	60.0	-107.31365203857422	-1.7885608673095703	-8.942804336547852	-109.58394622802734	-1.8263991038004557	-9.13199551900228	-104.87545776367188	-1.7479242960611978	-8.73962148030599	12.0
"""Sorry"" I began, but his face was already back in the beans."	60.0	-76.11381530761719	-1.2685635884602864	-6.342817942301433	-69.73310089111328	-1.1622183481852213	-5.8110917409261065	-78.11409759521484	-1.301901626586914	-6.50950813293457	12.0
"""Wait"" I said, starting to understand."	38.0	-44.064796447753906	-1.1595999065198397	-7.344132741292317	-44.388343811035156	-1.1681143108167147	-7.398057301839192	-48.18822479248047	-1.268111178749486	-8.031370798746744	6.0
"Tell SIS I want full surveillance."	34.0	-57.47943878173828	-1.6905717288746553	-9.579906463623047	-53.87851333618164	-1.584662156946519	-8.97975222269694	-53.96889877319336	-1.5873205521527458	-8.994816462198893	6.0
"Tell him I want full surveillance."	34.0	-47.608158111572266	-1.4002399444580078	-7.934693018595378	-44.795406341552734	-1.3175119512221392	-7.465901056925456	-43.79588317871094	-1.288114211138557	-7.299313863118489	6.0
"One by one, all the most interesting writers are moving to Substack."	68.0	-80.21016693115234	-1.1795612783992993	-6.684180577596028	-81.49607849121094	-1.198471742517808	-6.791339874267578	-80.57686614990234	-1.184953913969152	-6.714738845825195	12.0
"One by one, all the most interesting writers are moving online."	63.0	-58.184471130371094	-0.9235630338154142	-5.289497375488281	-60.93124008178711	-0.9671625409807477	-5.539203643798828	-58.71830368041992	-0.9320365663558717	-5.338027607310902	11.0
"When you see Lilly, give her that note."	39.0	-51.508575439453125	-1.3207327035757213	-6.438571929931641	-53.47138977050781	-1.371061276166867	-6.683923721313477	-49.41092300415039	-1.266946743696164	-6.176365375518799	8.0
"When you see her, give her that note."	37.0	-43.002716064453125	-1.1622355693095439	-5.375339508056641	-45.14945602416992	-1.2202555682208087	-5.64368200302124	-43.416500091552734	-1.173418921393317	-5.427062511444092	8.0
"Kitty shot her an appalled look, but Ann ignored it and kept her eyes locked on Martimano."	90.0	-120.02487182617188	-1.3336096869574652	-7.0602865780101105	-117.71281433105469	-1.307920159233941	-6.924283195944393	-113.22459411621094	-1.258051045735677	-6.660270242130055	17.0
"I shot her an appalled look, but she ignored it and kept her eyes locked on him."	80.0	-72.89948272705078	-0.9112435340881347	-4.288204866297105	-69.59272003173828	-0.8699090003967285	-4.0936894136316635	-67.80635070800781	-0.8475793838500977	-3.9886088651769303	17.0
"Unable are the loved to die, for love is immortality."	53.0	-78.70328521728516	-1.4849676456091538	-7.870328521728515	-70.55021667480469	-1.33113616367556	-7.055021667480469	-71.81781005859375	-1.355053019973467	-7.181781005859375	10.0
"Our loved ones cannot die, because love is immortality."	55.0	-58.52425003051758	-1.0640772732821377	-6.502694447835286	-48.85032653808594	-0.8881877552379261	-5.427814059787327	-51.50352478027344	-0.9364277232776989	-5.722613864474827	9.0
"Did you go by the village of Kympton?"	37.0	-61.79242706298828	-1.6700655962969806	-7.724053382873535	-61.25436019897461	-1.6555232486209355	-7.656795024871826	-61.8733024597168	-1.6722514178301837	-7.7341628074646	8.0
"Did you go by the village?"	26.0	-41.03919982910156	-1.5784307626577525	-6.839866638183594	-39.62550735473633	-1.5240579751821666	-6.604251225789388	-40.42165756225586	-1.5546791370098407	-6.7369429270426435	6.0
