目,79
見える,150
い,200
助ける,366
娘,459
少ない,550
車,675
怪我,737
タイプ,875
質問,941
握る,1092
記憶,1107
よう,1273
兄ちゃん,1383
距離,1456
御祝い,1552
位置,1634
移動,1729
馬鹿,1843
踊る,1955
バッグ,2008
がっかり,2107
失格,2297
裁判,2332
名誉,2410
平和,2522
立ち上げる,2666
仕込む,2749
制服,2888
取り返す,2905
ステージ,3052
恐れ,3199
責任者,3201
乗り切る,3368
手遅れ,3404
ゴール,3507
しがみ付く,3697
ヒット,3720
一時的,3893
メリット,3902
冊,4059
稀,4105
疚しい,4244
晴れ,4347
ツー,4430
路上,4525
盛る,4695
人気者,4768
上京,4806
議論,4952
欠席,5063
スイーツ,5165
台本,5291
存じ上げる,5326
居合わせる,5440
紛れ,5579
大口,5628
宝石,5793
直感,5827
200000000,5936
男前,6011
行け行け,6141
腫れる,6250
執拗,6334
本件,6461
流し,6530
バイタル,6627
騒ぎ立てる,6746
寝泊まり,6859
食べ過ぎる,6923
んす,7069
手筈,7145
半月,7204
渡し,7393
禁煙,7485
大工,7528
兵器,7673
食事会,7714
組合,7874
他言,7949
とめる,8055
ケチャップ,8171
思い残す,8275
スイート,8378
欲張り,8461
常々,8542
かる,8671
リボン,8738
調味料,8858
仲介,8949
スパイス,9083
決勝,9153
総菜,9286
培う,9328
励み,9401
強制的,9595
満載,9622
ビジュアル,9721
包囲,9833
高等,9912
呼び込む,10006
フレッシュ,10197
連れ添う,10249
クレーマー,10367
決裂,10494
ざあ,10527
とん,10678
不問,10795
解き明かす,10817
事故る,10923
凄腕,11059
言い包める,11158
入れ上げる,11275
ボクサー,11349
ほうほう,11424
レディース,11585
論理的,11676
男児,11742
目論見,11843
胎児,11964
撮影中,12005
募金,12123
せしめる,12238
ノイローゼ,12318
仄か,12491
燃え尽きる,12579
ストイック,12694
経験値,12741
たらふく,12864
格闘技,12906
真っ只中,13054
肉屋,13122
チェーン店,13200
アラサー,13348
立ち眩み,13494
キャビア,13529
巨乳,13638
向上心,13708
上げ足,13840
陰湿,13917
映し出す,14094
渋々,14116
飲み食い,14225
消化器,14372
脳出血,14419
操縦,14504
スキャン,14638
洋風,14755
びび,14824
昼休憩,14957
ブライダル,15085
鍍金,15131
物資,15290
しゃん,15367
転向,15437
訴え掛ける,15535
チョッキ,15676
減点,15744
世継ぎ,15856
落ち目,15985
ふらり,16042
イラストレーター,16182
出戻る,16226
社交的,16368
洋菓子,16432
擦り切れる,16562
ポップコーン,16650
エビフライ,16733
痛快,16840
通り道,16951
術式,17009
運転中,17192
薄汚れる,17250
ゴールイン,17326
黍,17438
カルパッチョ,17549
散策,17692
17,17708
括り,17812
人生観,17961
高らか,18089
自惚,18134
頭頂,18258
テリトリー,18383
ピック,18438
下劣,18503
ひょう,18656
切り抜き,18723
潮風,18808
保護司,18999
沿岸,19048
拾い集める,19144
老け込む,19200
救護,19318
灘,19426
齷齪,19594
手足れ,19605
餌遣り,19798
愛称,19808
